propertyId,order,ifcEntity,propertySet,ifcProperty,ifcDataType,unit,exampleValue,psetScope,revitParameterGuid,revitParameterName,storageType,specType,unitType,ownerObjectKind,revitCarrier,revitCategory,persistenceMode,exportStrategy,recommendedValueSource,requirementLevel,evidenceStatus
3b51a805-d2d0-5c8c-b4ef-37447db54f55,1,IfcBuilding,建筑技术信息属性集,耐火等级,IfcLabel,,一级,INSTANCE,3b51a805-d2d0-5c8c-b4ef-37447db54f55,HIFC.建筑技术信息属性集.耐火等级,String,Text,,BUILDING,PROJECT_INFORMATION,OST_ProjectInformation,SHARED_PARAMETER_AND_DATASTORE,POST_EXPORT_ENRICH,MANUAL_OR_MODEL_DERIVED,UNCLASSIFIED,IMPLEMENTATION_DECISION
af4bff12-341b-5a9a-af35-fc96d254bc29,2,IfcBuilding,建筑技术信息属性集,地上建筑层数,IfcInteger,层,5,INSTANCE,af4bff12-341b-5a9a-af35-fc96d254bc29,HIFC.建筑技术信息属性集.地上建筑层数,Integer,Integer,,BUILDING,PROJECT_INFORMATION,OST_ProjectInformation,SHARED_PARAMETER_AND_DATASTORE,POST_EXPORT_ENRICH,CALCULATED_FROM_LEVELS,UNCLASSIFIED,IMPLEMENTATION_DECISION
67831bf2-f2d9-55e6-966e-228b25639b60,3,IfcBuilding,建筑技术信息属性集,地下建筑层数,IfcInteger,层,5,INSTANCE,67831bf2-f2d9-55e6-966e-228b25639b60,HIFC.建筑技术信息属性集.地下建筑层数,Integer,Integer,,BUILDING,PROJECT_INFORMATION,OST_ProjectInformation,SHARED_PARAMETER_AND_DATASTORE,POST_EXPORT_ENRICH,CALCULATED_FROM_LEVELS,UNCLASSIFIED,IMPLEMENTATION_DECISION
fae5f6e1-1a58-58c7-9382-04eecdc98938,4,IfcBuilding,建筑技术信息属性集,建筑高度,IfcReal,m,2.5,INSTANCE,fae5f6e1-1a58-58c7-9382-04eecdc98938,HIFC.建筑技术信息属性集.建筑高度,Double,Length,Meters,BUILDING,PROJECT_INFORMATION,OST_ProjectInformation,SHARED_PARAMETER_AND_DATASTORE,POST_EXPORT_ENRICH,CALCULATED_FROM_BUILDING_EXTENTS,UNCLASSIFIED,IMPLEMENTATION_DECISION
43b52fa7-4954-5409-9389-4eddb97807a2,5,IfcBuilding,建筑技术信息属性集,建筑占地面积,IfcReal,m²,2.5,INSTANCE,43b52fa7-4954-5409-9389-4eddb97807a2,HIFC.建筑技术信息属性集.建筑占地面积,Double,Area,SquareMeters,BUILDING,PROJECT_INFORMATION,OST_ProjectInformation,SHARED_PARAMETER_AND_DATASTORE,POST_EXPORT_ENRICH,CALCULATED_FROM_BUILDING_FOOTPRINT,UNCLASSIFIED,IMPLEMENTATION_DECISION
e54445ee-c15b-5233-b8d0-2991ac68ec1d,6,IfcBuilding,建筑技术信息属性集,建筑面积,IfcReal,m²,2.5,INSTANCE,e54445ee-c15b-5233-b8d0-2991ac68ec1d,HIFC.建筑技术信息属性集.建筑面积,Double,Area,SquareMeters,BUILDING,PROJECT_INFORMATION,OST_ProjectInformation,SHARED_PARAMETER_AND_DATASTORE,POST_EXPORT_ENRICH,CALCULATED_FROM_STOREYS_OR_AREAS,UNCLASSIFIED,IMPLEMENTATION_DECISION
5d235535-c334-58c7-a89d-ceed585af80e,7,IfcBuilding,建筑技术信息属性集,抗震性能等级,IfcLabel,,一级,INSTANCE,5d235535-c334-58c7-a89d-ceed585af80e,HIFC.建筑技术信息属性集.抗震性能等级,String,Text,,BUILDING,PROJECT_INFORMATION,OST_ProjectInformation,SHARED_PARAMETER_AND_DATASTORE,POST_EXPORT_ENRICH,MANUAL_OR_MODEL_DERIVED,UNCLASSIFIED,IMPLEMENTATION_DECISION
b63cd3da-0706-5aa4-b56e-78487cfc4200,8,IfcBuilding,建筑技术信息属性集,建筑体积,IfcReal,m³,2.5,INSTANCE,b63cd3da-0706-5aa4-b56e-78487cfc4200,HIFC.建筑技术信息属性集.建筑体积,Double,Volume,CubicMeters,BUILDING,PROJECT_INFORMATION,OST_ProjectInformation,SHARED_PARAMETER_AND_DATASTORE,POST_EXPORT_ENRICH,CALCULATED_FROM_BUILDING_GEOMETRY,UNCLASSIFIED,IMPLEMENTATION_DECISION
8c33c80b-dc4f-5449-a423-fc96ccd2e205,9,IfcBuilding,建筑技术信息属性集,人数,IfcInteger,个,5,INSTANCE,8c33c80b-dc4f-5449-a423-fc96ccd2e205,HIFC.建筑技术信息属性集.人数,Integer,Integer,,BUILDING,PROJECT_INFORMATION,OST_ProjectInformation,SHARED_PARAMETER_AND_DATASTORE,POST_EXPORT_ENRICH,MANUAL_OR_MODEL_DERIVED,UNCLASSIFIED,IMPLEMENTATION_DECISION
776bc08d-6b5e-5702-8c75-a0dc7ce550c9,10,IfcBuilding,建筑技术信息属性集,地下建筑高度,IfcReal,m,2.5,INSTANCE,776bc08d-6b5e-5702-8c75-a0dc7ce550c9,HIFC.建筑技术信息属性集.地下建筑高度,Double,Length,Meters,BUILDING,PROJECT_INFORMATION,OST_ProjectInformation,SHARED_PARAMETER_AND_DATASTORE,POST_EXPORT_ENRICH,CALCULATED_FROM_UNDERGROUND_EXTENTS,UNCLASSIFIED,IMPLEMENTATION_DECISION
5960b21b-a181-5ab8-b19d-af8b489a9e00,11,IfcBuilding,建筑技术信息属性集,室内外高差最大值,IfcReal,m,2.5,INSTANCE,5960b21b-a181-5ab8-b19d-af8b489a9e00,HIFC.建筑技术信息属性集.室内外高差最大值,Double,Length,Meters,BUILDING,PROJECT_INFORMATION,OST_ProjectInformation,SHARED_PARAMETER_AND_DATASTORE,POST_EXPORT_ENRICH,CALCULATED_FROM_LEVEL_AND_SITE,UNCLASSIFIED,IMPLEMENTATION_DECISION
4225a5de-c942-54aa-874a-28a1e67ce39c,12,IfcBuilding,建筑技术信息属性集,建筑名称,IfcLabel,,一级,INSTANCE,4225a5de-c942-54aa-874a-28a1e67ce39c,HIFC.建筑技术信息属性集.建筑名称,String,Text,,BUILDING,PROJECT_INFORMATION,OST_ProjectInformation,SHARED_PARAMETER_AND_DATASTORE,POST_EXPORT_ENRICH,MANUAL_OR_MODEL_DERIVED,UNCLASSIFIED,IMPLEMENTATION_DECISION
a585f761-7784-57f5-8654-7d66d0d790c4,13,IfcBuilding,建筑技术信息属性集,建筑类型名称,IfcLabel,,一级,INSTANCE,a585f761-7784-57f5-8654-7d66d0d790c4,HIFC.建筑技术信息属性集.建筑类型名称,String,Text,,BUILDING,PROJECT_INFORMATION,OST_ProjectInformation,SHARED_PARAMETER_AND_DATASTORE,POST_EXPORT_ENRICH,MANUAL_OR_MODEL_DERIVED,UNCLASSIFIED,IMPLEMENTATION_DECISION
1d57021d-c5fe-5ab6-8e3c-8bb03cb91825,14,IfcBuilding,建筑技术信息属性集,登记用途名称,IfcLabel,,一级,INSTANCE,1d57021d-c5fe-5ab6-8e3c-8bb03cb91825,HIFC.建筑技术信息属性集.登记用途名称,String,Text,,BUILDING,PROJECT_INFORMATION,OST_ProjectInformation,SHARED_PARAMETER_AND_DATASTORE,POST_EXPORT_ENRICH,MANUAL_OR_MODEL_DERIVED,UNCLASSIFIED,IMPLEMENTATION_DECISION
d6ae425b-72fa-5780-b966-f0e42daf5f06,15,IfcBuilding,建筑技术信息属性集,建筑用途名称,IfcLabel,,一级,INSTANCE,d6ae425b-72fa-5780-b966-f0e42daf5f06,HIFC.建筑技术信息属性集.建筑用途名称,String,Text,,BUILDING,PROJECT_INFORMATION,OST_ProjectInformation,SHARED_PARAMETER_AND_DATASTORE,POST_EXPORT_ENRICH,MANUAL_OR_MODEL_DERIVED,UNCLASSIFIED,IMPLEMENTATION_DECISION
9fd4908e-67fc-5512-b70c-01ebaf5ed3e0,16,IfcBuilding,建筑技术信息属性集,抗震设防类别,IfcLabel,,一级,INSTANCE,9fd4908e-67fc-5512-b70c-01ebaf5ed3e0,HIFC.建筑技术信息属性集.抗震设防类别,String,Text,,BUILDING,PROJECT_INFORMATION,OST_ProjectInformation,SHARED_PARAMETER_AND_DATASTORE,POST_EXPORT_ENRICH,MANUAL_OR_MODEL_DERIVED,UNCLASSIFIED,IMPLEMENTATION_DECISION
f8219b18-8adf-50d6-aa2d-a9276b72fed4,17,IfcBuilding,建筑技术信息属性集,安全等级,IfcLabel,,一级,INSTANCE,f8219b18-8adf-50d6-aa2d-a9276b72fed4,HIFC.建筑技术信息属性集.安全等级,String,Text,,BUILDING,PROJECT_INFORMATION,OST_ProjectInformation,SHARED_PARAMETER_AND_DATASTORE,POST_EXPORT_ENRICH,MANUAL_OR_MODEL_DERIVED,UNCLASSIFIED,IMPLEMENTATION_DECISION
ee41f5a8-562b-56f4-b8ef-331783746e09,18,IfcBuildingStorey,建筑楼层信息属性集,底标高,IfcReal,m,2.5,INSTANCE,ee41f5a8-562b-56f4-b8ef-331783746e09,HIFC.建筑楼层信息属性集.底标高,Double,Length,Meters,STOREY,LEVEL,OST_Levels,SHARED_PARAMETER_AND_DATASTORE,NATIVE_ENTITY_PLUS_ENRICH,READ_FROM_LEVEL_ELEVATION,UNCLASSIFIED,IMPLEMENTATION_DECISION
fe006691-f26b-5f32-84ed-48147931fd59,19,IfcBuildingStorey,建筑楼层信息属性集,主功能类别,IfcLabel,,一级,INSTANCE,fe006691-f26b-5f32-84ed-48147931fd59,HIFC.建筑楼层信息属性集.主功能类别,String,Text,,STOREY,LEVEL,OST_Levels,SHARED_PARAMETER_AND_DATASTORE,NATIVE_ENTITY_PLUS_ENRICH,MANUAL_OR_MODEL_DERIVED,UNCLASSIFIED,IMPLEMENTATION_DECISION
8525b14a-2c98-5709-b7f0-9274316cd623,20,IfcBuildingStorey,建筑楼层信息属性集,子功能类别,IfcLabel,,一级,INSTANCE,8525b14a-2c98-5709-b7f0-9274316cd623,HIFC.建筑楼层信息属性集.子功能类别,String,Text,,STOREY,LEVEL,OST_Levels,SHARED_PARAMETER_AND_DATASTORE,NATIVE_ENTITY_PLUS_ENRICH,MANUAL_OR_MODEL_DERIVED,UNCLASSIFIED,IMPLEMENTATION_DECISION
145ab588-2d01-53ee-9750-60934a4facf2,21,IfcBuildingStorey,建筑楼层信息属性集,楼层类型,IfcLabel,,一级,INSTANCE,145ab588-2d01-53ee-9750-60934a4facf2,HIFC.建筑楼层信息属性集.楼层类型,String,Text,,STOREY,LEVEL,OST_Levels,SHARED_PARAMETER_AND_DATASTORE,NATIVE_ENTITY_PLUS_ENRICH,MANUAL_OR_MODEL_DERIVED,UNCLASSIFIED,IMPLEMENTATION_DECISION
87fcb9cd-9135-5d8e-943a-9227b827e63a,22,IfcBuildingStorey,建筑楼层信息属性集,建筑层高,IfcReal,mm,2.5,INSTANCE,87fcb9cd-9135-5d8e-943a-9227b827e63a,HIFC.建筑楼层信息属性集.建筑层高,Double,Length,Millimeters,STOREY,LEVEL,OST_Levels,SHARED_PARAMETER_AND_DATASTORE,NATIVE_ENTITY_PLUS_ENRICH,CALCULATED_FROM_ADJACENT_LEVELS,UNCLASSIFIED,IMPLEMENTATION_DECISION
efbf0b9e-083c-54d9-8581-44811e78930e,23,IfcBuildingStorey,建筑楼层信息属性集,人数,IfcInteger,个,5,INSTANCE,efbf0b9e-083c-54d9-8581-44811e78930e,HIFC.建筑楼层信息属性集.人数,Integer,Integer,,STOREY,LEVEL,OST_Levels,SHARED_PARAMETER_AND_DATASTORE,NATIVE_ENTITY_PLUS_ENRICH,MANUAL_OR_MODEL_DERIVED,UNCLASSIFIED,IMPLEMENTATION_DECISION
eb80c674-763b-5320-abc4-9350264e562d,24,IfcBuildingStorey,建筑楼层信息属性集,计算标高,IfcReal,mm,2.5,INSTANCE,eb80c674-763b-5320-abc4-9350264e562d,HIFC.建筑楼层信息属性集.计算标高,Double,Length,Millimeters,STOREY,LEVEL,OST_Levels,SHARED_PARAMETER_AND_DATASTORE,NATIVE_ENTITY_PLUS_ENRICH,READ_FROM_LEVEL_ELEVATION,UNCLASSIFIED,IMPLEMENTATION_DECISION
6fde5de4-c3fb-540d-8e51-24dfd6c10cc2,25,IfcBuildingStorey,建筑楼层信息属性集,楼层面积,IfcReal,m²,2.5,INSTANCE,6fde5de4-c3fb-540d-8e51-24dfd6c10cc2,HIFC.建筑楼层信息属性集.楼层面积,Double,Area,SquareMeters,STOREY,LEVEL,OST_Levels,SHARED_PARAMETER_AND_DATASTORE,NATIVE_ENTITY_PLUS_ENRICH,CALCULATED_FROM_ROOMS_OR_AREAS,UNCLASSIFIED,IMPLEMENTATION_DECISION
d598f456-0a03-5932-94fa-4340267a5b6b,26,IfcBuildingStorey,建筑楼层信息属性集,是否设置避难层,IfcBoolean,,是,INSTANCE,d598f456-0a03-5932-94fa-4340267a5b6b,HIFC.建筑楼层信息属性集.是否设置避难层,Integer,YesNo,,STOREY,LEVEL,OST_Levels,SHARED_PARAMETER_AND_DATASTORE,NATIVE_ENTITY_PLUS_ENRICH,MANUAL_OR_MODEL_DERIVED,UNCLASSIFIED,IMPLEMENTATION_DECISION
ab751846-9a7e-5da7-b5bf-b4ee75f4eed0,27,IfcBuildingStorey,建筑楼层信息属性集,备注,IfcText,,其他,INSTANCE,ab751846-9a7e-5da7-b5bf-b4ee75f4eed0,HIFC.建筑楼层信息属性集.备注,String,Text,,STOREY,LEVEL,OST_Levels,SHARED_PARAMETER_AND_DATASTORE,NATIVE_ENTITY_PLUS_ENRICH,MANUAL_OR_MODEL_DERIVED,UNCLASSIFIED,IMPLEMENTATION_DECISION
dcb26f3c-743b-5001-a4bc-5a9bfbf82664,28,IfcBuildingStorey,建筑楼层信息属性集,楼层名称,IfcLabel,,一级,INSTANCE,dcb26f3c-743b-5001-a4bc-5a9bfbf82664,HIFC.建筑楼层信息属性集.楼层名称,String,Text,,STOREY,LEVEL,OST_Levels,SHARED_PARAMETER_AND_DATASTORE,NATIVE_ENTITY_PLUS_ENRICH,READ_FROM_LEVEL_NAME,UNCLASSIFIED,IMPLEMENTATION_DECISION
9b782e09-f1b3-596d-82c8-f5bcb521b85d,29,IfcBuildingStorey,建筑楼层信息属性集,楼层编号,IfcLabel,,一级,INSTANCE,9b782e09-f1b3-596d-82c8-f5bcb521b85d,HIFC.建筑楼层信息属性集.楼层编号,String,Text,,STOREY,LEVEL,OST_Levels,SHARED_PARAMETER_AND_DATASTORE,NATIVE_ENTITY_PLUS_ENRICH,DERIVED_FROM_LEVEL_ORDER,UNCLASSIFIED,IMPLEMENTATION_DECISION
7dc1a82e-f3d0-5210-b3bf-6b517da25d80,30,IfcBuildingStorey,建筑楼层信息属性集,楼层属性信息,IfcText,,其他,INSTANCE,7dc1a82e-f3d0-5210-b3bf-6b517da25d80,HIFC.建筑楼层信息属性集.楼层属性信息,String,Text,,STOREY,LEVEL,OST_Levels,SHARED_PARAMETER_AND_DATASTORE,NATIVE_ENTITY_PLUS_ENRICH,MANUAL_OR_MODEL_DERIVED,UNCLASSIFIED,IMPLEMENTATION_DECISION
394bfb85-520d-54e3-bfbf-43361892e152,31,IfcDoor,门信息属性集,开启方向,IfcLabel,,一级,INSTANCE,394bfb85-520d-54e3-bfbf-43361892e152,HIFC.门信息属性集.开启方向,String,Text,,DOOR,FAMILY_INSTANCE,OST_Doors,SHARED_PARAMETER_AND_DATASTORE,NATIVE_ENTITY_PLUS_ENRICH,READ_OR_DERIVE_FROM_DOOR_INSTANCE,UNCLASSIFIED,IMPLEMENTATION_DECISION
2d8ff363-ceae-5f83-9aa6-436c745f9467,32,IfcDuctSegment,风管段信息属性集,隔热层厚度,IfcReal,mm,2.5,INSTANCE,2d8ff363-ceae-5f83-9aa6-436c745f9467,HIFC.风管段信息属性集.隔热层厚度,Double,Length,Millimeters,DUCT_SEGMENT,MEP_CURVE,OST_DuctCurves,SHARED_PARAMETER_AND_DATASTORE,NATIVE_ENTITY_PLUS_ENRICH,READ_FROM_DUCT_INSULATION,UNCLASSIFIED,IMPLEMENTATION_DECISION
ff217d10-c277-50fb-8e5e-8cc2ac8f4585,33,IfcOrganization,组织通用属性集,企业名称,IfcLabel,,一级,INSTANCE,ff217d10-c277-50fb-8e5e-8cc2ac8f4585,HIFC.组织通用属性集.企业名称,String,Text,,ORGANIZATION,CANONICAL_DATASTORE,,DATASTORE_ONLY,POST_EXPORT_CREATE_OR_ENRICH,MANUAL_OR_PROJECT_DATABASE_IMPORT,UNCLASSIFIED,IMPLEMENTATION_DECISION
a4046c1c-f111-5ba8-b660-ba575b91dcb8,34,IfcOrganization,组织通用属性集,单位性质,IfcLabel,,一级,INSTANCE,a4046c1c-f111-5ba8-b660-ba575b91dcb8,HIFC.组织通用属性集.单位性质,String,Text,,ORGANIZATION,CANONICAL_DATASTORE,,DATASTORE_ONLY,POST_EXPORT_CREATE_OR_ENRICH,MANUAL_OR_PROJECT_DATABASE_IMPORT,UNCLASSIFIED,IMPLEMENTATION_DECISION
016f92ab-ab2c-5dff-a9cc-4d9669d5e768,35,IfcOrganization,组织通用属性集,社会统一信用代码,IfcText,,其他,INSTANCE,016f92ab-ab2c-5dff-a9cc-4d9669d5e768,HIFC.组织通用属性集.社会统一信用代码,String,Text,,ORGANIZATION,CANONICAL_DATASTORE,,DATASTORE_ONLY,POST_EXPORT_CREATE_OR_ENRICH,MANUAL_OR_PROJECT_DATABASE_IMPORT,UNCLASSIFIED,IMPLEMENTATION_DECISION
15ea15ae-b3b2-5d89-a8db-d71adc52730c,36,IfcOrganization,组织通用属性集,注册地区编码,IfcText,,其他,INSTANCE,15ea15ae-b3b2-5d89-a8db-d71adc52730c,HIFC.组织通用属性集.注册地区编码,String,Text,,ORGANIZATION,CANONICAL_DATASTORE,,DATASTORE_ONLY,POST_EXPORT_CREATE_OR_ENRICH,MANUAL_OR_PROJECT_DATABASE_IMPORT,UNCLASSIFIED,IMPLEMENTATION_DECISION
adf23867-0ab2-55a6-92ba-3cf152211838,37,IfcOrganization,组织通用属性集,企业营业地址,IfcText,,其他,INSTANCE,adf23867-0ab2-55a6-92ba-3cf152211838,HIFC.组织通用属性集.企业营业地址,String,Text,,ORGANIZATION,CANONICAL_DATASTORE,,DATASTORE_ONLY,POST_EXPORT_CREATE_OR_ENRICH,MANUAL_OR_PROJECT_DATABASE_IMPORT,UNCLASSIFIED,IMPLEMENTATION_DECISION
5d49bfa4-abf6-5452-b883-224f5dcb1c55,38,IfcOrganization,组织通用属性集,邮政编码,IfcText,,其他,INSTANCE,5d49bfa4-abf6-5452-b883-224f5dcb1c55,HIFC.组织通用属性集.邮政编码,String,Text,,ORGANIZATION,CANONICAL_DATASTORE,,DATASTORE_ONLY,POST_EXPORT_CREATE_OR_ENRICH,MANUAL_OR_PROJECT_DATABASE_IMPORT,UNCLASSIFIED,IMPLEMENTATION_DECISION
e4660fa7-7ba9-5106-a4fc-26e3d99c6175,39,IfcOrganization,组织通用属性集,法定代表人姓名,IfcText,,其他,INSTANCE,e4660fa7-7ba9-5106-a4fc-26e3d99c6175,HIFC.组织通用属性集.法定代表人姓名,String,Text,,ORGANIZATION,CANONICAL_DATASTORE,,DATASTORE_ONLY,POST_EXPORT_CREATE_OR_ENRICH,MANUAL_OR_PROJECT_DATABASE_IMPORT,UNCLASSIFIED,IMPLEMENTATION_DECISION
c126e2f9-f901-5ab9-92a6-b35b2149fb26,40,IfcOrganization,组织通用属性集,法定代表人证件类型,IfcLabel,,一级,INSTANCE,c126e2f9-f901-5ab9-92a6-b35b2149fb26,HIFC.组织通用属性集.法定代表人证件类型,String,Text,,ORGANIZATION,CANONICAL_DATASTORE,,DATASTORE_ONLY,POST_EXPORT_CREATE_OR_ENRICH,MANUAL_OR_PROJECT_DATABASE_IMPORT,UNCLASSIFIED,IMPLEMENTATION_DECISION
ee61922d-8e32-5335-bd57-86051aa8d070,41,IfcOrganization,组织通用属性集,法定代表人证件号码,IfcText,,其他,INSTANCE,ee61922d-8e32-5335-bd57-86051aa8d070,HIFC.组织通用属性集.法定代表人证件号码,String,Text,,ORGANIZATION,CANONICAL_DATASTORE,,DATASTORE_ONLY,POST_EXPORT_CREATE_OR_ENRICH,MANUAL_OR_PROJECT_DATABASE_IMPORT,UNCLASSIFIED,IMPLEMENTATION_DECISION
552c8321-b375-5435-9a9a-9289151af68b,42,IfcOrganization,组织通用属性集,注册资本,IfcText,,其他,INSTANCE,552c8321-b375-5435-9a9a-9289151af68b,HIFC.组织通用属性集.注册资本,String,Text,,ORGANIZATION,CANONICAL_DATASTORE,,DATASTORE_ONLY,POST_EXPORT_CREATE_OR_ENRICH,MANUAL_OR_PROJECT_DATABASE_IMPORT,UNCLASSIFIED,IMPLEMENTATION_DECISION
4ec72816-e05d-559c-9057-d00c231f0999,43,IfcOrganization,组织通用属性集,注册资本币种,IfcLabel,,一级,INSTANCE,4ec72816-e05d-559c-9057-d00c231f0999,HIFC.组织通用属性集.注册资本币种,String,Text,,ORGANIZATION,CANONICAL_DATASTORE,,DATASTORE_ONLY,POST_EXPORT_CREATE_OR_ENRICH,MANUAL_OR_PROJECT_DATABASE_IMPORT,UNCLASSIFIED,IMPLEMENTATION_DECISION
ce9763ab-6165-5acb-b614-21546eaee300,44,IfcOrganization,组织通用属性集,成立日期,IfcDate,,2026/1/20,INSTANCE,ce9763ab-6165-5acb-b614-21546eaee300,HIFC.组织通用属性集.成立日期,String,Text,,ORGANIZATION,CANONICAL_DATASTORE,,DATASTORE_ONLY,POST_EXPORT_CREATE_OR_ENRICH,MANUAL_OR_PROJECT_DATABASE_IMPORT,UNCLASSIFIED,IMPLEMENTATION_DECISION
372dc78b-8892-5c29-8f1e-aa81a0abbc23,45,IfcOrganization,组织通用属性集,办公电话,IfcText,,其他,INSTANCE,372dc78b-8892-5c29-8f1e-aa81a0abbc23,HIFC.组织通用属性集.办公电话,String,Text,,ORGANIZATION,CANONICAL_DATASTORE,,DATASTORE_ONLY,POST_EXPORT_CREATE_OR_ENRICH,MANUAL_OR_PROJECT_DATABASE_IMPORT,UNCLASSIFIED,IMPLEMENTATION_DECISION
9017d53a-1dbb-546d-85be-c9fcf4a8179b,46,IfcOrganization,组织通用属性集,传真号码,IfcText,,其他,INSTANCE,9017d53a-1dbb-546d-85be-c9fcf4a8179b,HIFC.组织通用属性集.传真号码,String,Text,,ORGANIZATION,CANONICAL_DATASTORE,,DATASTORE_ONLY,POST_EXPORT_CREATE_OR_ENRICH,MANUAL_OR_PROJECT_DATABASE_IMPORT,UNCLASSIFIED,IMPLEMENTATION_DECISION
e2863620-23a5-5b29-ad0b-47338d2d1915,47,IfcOrganization,组织通用属性集,联系人姓名,IfcText,,其他,INSTANCE,e2863620-23a5-5b29-ad0b-47338d2d1915,HIFC.组织通用属性集.联系人姓名,String,Text,,ORGANIZATION,CANONICAL_DATASTORE,,DATASTORE_ONLY,POST_EXPORT_CREATE_OR_ENRICH,MANUAL_OR_PROJECT_DATABASE_IMPORT,UNCLASSIFIED,IMPLEMENTATION_DECISION
b5e28005-8282-5b0d-a45e-1b3d0d136aa2,48,IfcOrganization,组织通用属性集,联系人办公电话,IfcText,,其他,INSTANCE,b5e28005-8282-5b0d-a45e-1b3d0d136aa2,HIFC.组织通用属性集.联系人办公电话,String,Text,,ORGANIZATION,CANONICAL_DATASTORE,,DATASTORE_ONLY,POST_EXPORT_CREATE_OR_ENRICH,MANUAL_OR_PROJECT_DATABASE_IMPORT,UNCLASSIFIED,IMPLEMENTATION_DECISION
850cddde-0248-5ef0-b1b6-f32da97b5e9c,49,IfcOrganization,组织通用属性集,联系人手机号码,IfcText,,其他,INSTANCE,850cddde-0248-5ef0-b1b6-f32da97b5e9c,HIFC.组织通用属性集.联系人手机号码,String,Text,,ORGANIZATION,CANONICAL_DATASTORE,,DATASTORE_ONLY,POST_EXPORT_CREATE_OR_ENRICH,MANUAL_OR_PROJECT_DATABASE_IMPORT,UNCLASSIFIED,IMPLEMENTATION_DECISION
0f672079-ebb1-5f9f-9a46-3aae7e6357bf,50,IfcOrganization,组织通用属性集,企业联系邮箱,IfcText,,其他,INSTANCE,0f672079-ebb1-5f9f-9a46-3aae7e6357bf,HIFC.组织通用属性集.企业联系邮箱,String,Text,,ORGANIZATION,CANONICAL_DATASTORE,,DATASTORE_ONLY,POST_EXPORT_CREATE_OR_ENRICH,MANUAL_OR_PROJECT_DATABASE_IMPORT,UNCLASSIFIED,IMPLEMENTATION_DECISION
49a38f13-a54f-5358-882a-d6806ca226c1,51,IfcOrganization,组织通用属性集,企业网址,IfcText,,其他,INSTANCE,49a38f13-a54f-5358-882a-d6806ca226c1,HIFC.组织通用属性集.企业网址,String,Text,,ORGANIZATION,CANONICAL_DATASTORE,,DATASTORE_ONLY,POST_EXPORT_CREATE_OR_ENRICH,MANUAL_OR_PROJECT_DATABASE_IMPORT,UNCLASSIFIED,IMPLEMENTATION_DECISION
13a37612-c9af-5dca-9bde-6fd540b2b114,52,IfcOrganization,组织通用属性集,企业经营状态,IfcLabel,,一级,INSTANCE,13a37612-c9af-5dca-9bde-6fd540b2b114,HIFC.组织通用属性集.企业经营状态,String,Text,,ORGANIZATION,CANONICAL_DATASTORE,,DATASTORE_ONLY,POST_EXPORT_CREATE_OR_ENRICH,MANUAL_OR_PROJECT_DATABASE_IMPORT,UNCLASSIFIED,IMPLEMENTATION_DECISION
e91c6b3d-556d-526b-a66b-545553f20fc8,53,IfcOrganization,组织通用属性集,企业备注,IfcText,,其他,INSTANCE,e91c6b3d-556d-526b-a66b-545553f20fc8,HIFC.组织通用属性集.企业备注,String,Text,,ORGANIZATION,CANONICAL_DATASTORE,,DATASTORE_ONLY,POST_EXPORT_CREATE_OR_ENRICH,MANUAL_OR_PROJECT_DATABASE_IMPORT,UNCLASSIFIED,IMPLEMENTATION_DECISION
aea197df-c1c3-57bf-9ff4-87111e73b12d,54,IfcOrganization,组织通用属性集,企业编码,IfcText,,其他,INSTANCE,aea197df-c1c3-57bf-9ff4-87111e73b12d,HIFC.组织通用属性集.企业编码,String,Text,,ORGANIZATION,CANONICAL_DATASTORE,,DATASTORE_ONLY,POST_EXPORT_CREATE_OR_ENRICH,MANUAL_OR_PROJECT_DATABASE_IMPORT,UNCLASSIFIED,IMPLEMENTATION_DECISION
64ec6d92-f85d-557c-bade-1ec7c172b60f,55,IfcOrganization,组织通用属性集,项目参建类型,IfcLabel,,一级,INSTANCE,64ec6d92-f85d-557c-bade-1ec7c172b60f,HIFC.组织通用属性集.项目参建类型,String,Text,,ORGANIZATION,CANONICAL_DATASTORE,,DATASTORE_ONLY,POST_EXPORT_CREATE_OR_ENRICH,MANUAL_OR_PROJECT_DATABASE_IMPORT,UNCLASSIFIED,IMPLEMENTATION_DECISION
bff42cce-915d-54ec-905b-5f4dfff1ec98,56,IfcOrganization,组织通用属性集,项目进场时间,IfcDateTime,,2026-01-20T14:30:00Z,INSTANCE,bff42cce-915d-54ec-905b-5f4dfff1ec98,HIFC.组织通用属性集.项目进场时间,String,Text,,ORGANIZATION,CANONICAL_DATASTORE,,DATASTORE_ONLY,POST_EXPORT_CREATE_OR_ENRICH,MANUAL_OR_PROJECT_DATABASE_IMPORT,UNCLASSIFIED,IMPLEMENTATION_DECISION
c8769206-33f2-5b17-9daf-645394c6c922,57,IfcOrganization,组织通用属性集,项目退场时间,IfcDateTime,,2026-01-20T14:30:00Z,INSTANCE,c8769206-33f2-5b17-9daf-645394c6c922,HIFC.组织通用属性集.项目退场时间,String,Text,,ORGANIZATION,CANONICAL_DATASTORE,,DATASTORE_ONLY,POST_EXPORT_CREATE_OR_ENRICH,MANUAL_OR_PROJECT_DATABASE_IMPORT,UNCLASSIFIED,IMPLEMENTATION_DECISION
03081502-9a44-56cf-9ea9-e1f0497dc960,58,IfcProject,报建信息属性集,手机号码,IfcLabel,,一级,INSTANCE,03081502-9a44-56cf-9ea9-e1f0497dc960,HIFC.报建信息属性集.手机号码,String,Text,,PROJECT,PROJECT_INFORMATION,OST_ProjectInformation,SHARED_PARAMETER_AND_DATASTORE,POST_EXPORT_ENRICH,MANUAL_IMPORT_OR_CONTEXT,UNCLASSIFIED,IMPLEMENTATION_DECISION
fab11af2-f8a0-5ecd-ab98-93f4aa107117,59,IfcProject,报建信息属性集,编号,IfcLabel,,一级,INSTANCE,fab11af2-f8a0-5ecd-ab98-93f4aa107117,HIFC.报建信息属性集.编号,String,Text,,PROJECT,PROJECT_INFORMATION,OST_ProjectInformation,SHARED_PARAMETER_AND_DATASTORE,POST_EXPORT_ENRICH,MANUAL_IMPORT_OR_CONTEXT,UNCLASSIFIED,IMPLEMENTATION_DECISION
f5fb1085-d152-54b4-bd49-772bfb02b85a,60,IfcProject,报建信息属性集,姓,IfcText,,其他,INSTANCE,f5fb1085-d152-54b4-bd49-772bfb02b85a,HIFC.报建信息属性集.姓,String,Text,,PROJECT,PROJECT_INFORMATION,OST_ProjectInformation,SHARED_PARAMETER_AND_DATASTORE,POST_EXPORT_ENRICH,MANUAL_IMPORT_OR_CONTEXT,UNCLASSIFIED,IMPLEMENTATION_DECISION
a01463f1-8712-535f-a95d-c80fc3e96a52,61,IfcProject,报建信息属性集,名,IfcText,,其他,INSTANCE,a01463f1-8712-535f-a95d-c80fc3e96a52,HIFC.报建信息属性集.名,String,Text,,PROJECT,PROJECT_INFORMATION,OST_ProjectInformation,SHARED_PARAMETER_AND_DATASTORE,POST_EXPORT_ENRICH,MANUAL_IMPORT_OR_CONTEXT,UNCLASSIFIED,IMPLEMENTATION_DECISION
4accb54c-af84-595c-84f5-53b1f4e52a7b,62,IfcProject,报建信息属性集,邮箱地址,IfcText,,其他,INSTANCE,4accb54c-af84-595c-84f5-53b1f4e52a7b,HIFC.报建信息属性集.邮箱地址,String,Text,,PROJECT,PROJECT_INFORMATION,OST_ProjectInformation,SHARED_PARAMETER_AND_DATASTORE,POST_EXPORT_ENRICH,MANUAL_IMPORT_OR_CONTEXT,UNCLASSIFIED,IMPLEMENTATION_DECISION
9e597bc8-8a38-5092-a29b-f2397d01d636,63,IfcProject,报建信息属性集,公司,IfcText,,其他,INSTANCE,9e597bc8-8a38-5092-a29b-f2397d01d636,HIFC.报建信息属性集.公司,String,Text,,PROJECT,PROJECT_INFORMATION,OST_ProjectInformation,SHARED_PARAMETER_AND_DATASTORE,POST_EXPORT_ENRICH,MANUAL_IMPORT_OR_CONTEXT,UNCLASSIFIED,IMPLEMENTATION_DECISION
a19ffb03-1ff5-5a77-a034-ece77683e4f1,64,IfcProject,报建信息属性集,公司性质,IfcText,,其他,INSTANCE,a19ffb03-1ff5-5a77-a034-ece77683e4f1,HIFC.报建信息属性集.公司性质,String,Text,,PROJECT,PROJECT_INFORMATION,OST_ProjectInformation,SHARED_PARAMETER_AND_DATASTORE,POST_EXPORT_ENRICH,MANUAL_IMPORT_OR_CONTEXT,UNCLASSIFIED,IMPLEMENTATION_DECISION
115197c0-f548-53d9-b2d8-9f3bfeb0f344,65,IfcProject,报建信息属性集,部门,IfcText,,其他,INSTANCE,115197c0-f548-53d9-b2d8-9f3bfeb0f344,HIFC.报建信息属性集.部门,String,Text,,PROJECT,PROJECT_INFORMATION,OST_ProjectInformation,SHARED_PARAMETER_AND_DATASTORE,POST_EXPORT_ENRICH,MANUAL_IMPORT_OR_CONTEXT,UNCLASSIFIED,IMPLEMENTATION_DECISION
9783358f-0e15-53c4-8fc8-d21992910e2e,66,IfcProject,报建信息属性集,国家,IfcText,,其他,INSTANCE,9783358f-0e15-53c4-8fc8-d21992910e2e,HIFC.报建信息属性集.国家,String,Text,,PROJECT,PROJECT_INFORMATION,OST_ProjectInformation,SHARED_PARAMETER_AND_DATASTORE,POST_EXPORT_ENRICH,MANUAL_IMPORT_OR_CONTEXT,UNCLASSIFIED,IMPLEMENTATION_DECISION
d4c3e40e-787c-581b-9c35-41e952f1546a,67,IfcProject,报建信息属性集,城镇,IfcText,,其他,INSTANCE,d4c3e40e-787c-581b-9c35-41e952f1546a,HIFC.报建信息属性集.城镇,String,Text,,PROJECT,PROJECT_INFORMATION,OST_ProjectInformation,SHARED_PARAMETER_AND_DATASTORE,POST_EXPORT_ENRICH,MANUAL_IMPORT_OR_CONTEXT,UNCLASSIFIED,IMPLEMENTATION_DECISION
dddaaca4-50ce-5edd-978d-0f25561aeb60,68,IfcProject,报建信息属性集,街道,IfcText,,其他,INSTANCE,dddaaca4-50ce-5edd-978d-0f25561aeb60,HIFC.报建信息属性集.街道,String,Text,,PROJECT,PROJECT_INFORMATION,OST_ProjectInformation,SHARED_PARAMETER_AND_DATASTORE,POST_EXPORT_ENRICH,MANUAL_IMPORT_OR_CONTEXT,UNCLASSIFIED,IMPLEMENTATION_DECISION
b9da15e4-7834-5f31-bb2c-6b1c04d2c5b2,69,IfcProject,报建信息属性集,通信地址,IfcText,,其他,INSTANCE,b9da15e4-7834-5f31-bb2c-6b1c04d2c5b2,HIFC.报建信息属性集.通信地址,String,Text,,PROJECT,PROJECT_INFORMATION,OST_ProjectInformation,SHARED_PARAMETER_AND_DATASTORE,POST_EXPORT_ENRICH,MANUAL_IMPORT_OR_CONTEXT,UNCLASSIFIED,IMPLEMENTATION_DECISION
287fef4d-9bfc-5918-9d15-f0b1aa31a786,70,IfcProject,报建信息属性集,国家编码,IfcText,,其他,INSTANCE,287fef4d-9bfc-5918-9d15-f0b1aa31a786,HIFC.报建信息属性集.国家编码,String,Text,,PROJECT,PROJECT_INFORMATION,OST_ProjectInformation,SHARED_PARAMETER_AND_DATASTORE,POST_EXPORT_ENRICH,MANUAL_IMPORT_OR_CONTEXT,UNCLASSIFIED,IMPLEMENTATION_DECISION
a33cbb43-34eb-5ff2-ad8e-889c19378b97,71,IfcProject,报建信息属性集,邮政编码,IfcText,,其他,INSTANCE,a33cbb43-34eb-5ff2-ad8e-889c19378b97,HIFC.报建信息属性集.邮政编码,String,Text,,PROJECT,PROJECT_INFORMATION,OST_ProjectInformation,SHARED_PARAMETER_AND_DATASTORE,POST_EXPORT_ENRICH,MANUAL_IMPORT_OR_CONTEXT,UNCLASSIFIED,IMPLEMENTATION_DECISION
f93bcef9-1b43-5881-9b4f-8a5029883013,72,IfcProject,地籍信息属性集,宗地数量,IfcInteger,个,5,INSTANCE,f93bcef9-1b43-5881-9b4f-8a5029883013,HIFC.地籍信息属性集.宗地数量,Integer,Integer,,PROJECT,PROJECT_INFORMATION,OST_ProjectInformation,SHARED_PARAMETER_AND_DATASTORE,POST_EXPORT_ENRICH,MANUAL_IMPORT_OR_CONTEXT,UNCLASSIFIED,IMPLEMENTATION_DECISION
a1f96b77-cd72-5231-a164-d43df2bc9eb9,73,IfcProject,地籍信息属性集,宗地用途,IfcLabel,,一级,INSTANCE,a1f96b77-cd72-5231-a164-d43df2bc9eb9,HIFC.地籍信息属性集.宗地用途,String,Text,,PROJECT,PROJECT_INFORMATION,OST_ProjectInformation,SHARED_PARAMETER_AND_DATASTORE,POST_EXPORT_ENRICH,MANUAL_IMPORT_OR_CONTEXT,UNCLASSIFIED,IMPLEMENTATION_DECISION
3b69cba3-5700-5f07-9854-d6303992bfef,74,IfcProject,地籍信息属性集,宗地编号,IfcLabel,,一级,INSTANCE,3b69cba3-5700-5f07-9854-d6303992bfef,HIFC.地籍信息属性集.宗地编号,String,Text,,PROJECT,PROJECT_INFORMATION,OST_ProjectInformation,SHARED_PARAMETER_AND_DATASTORE,POST_EXPORT_ENRICH,MANUAL_IMPORT_OR_CONTEXT,UNCLASSIFIED,IMPLEMENTATION_DECISION
40a6afb5-cd11-5e56-916c-6992675988dd,75,IfcProject,地籍信息属性集,宗地信息,IfcText,,其他,INSTANCE,40a6afb5-cd11-5e56-916c-6992675988dd,HIFC.地籍信息属性集.宗地信息,String,Text,,PROJECT,PROJECT_INFORMATION,OST_ProjectInformation,SHARED_PARAMETER_AND_DATASTORE,POST_EXPORT_ENRICH,MANUAL_IMPORT_OR_CONTEXT,UNCLASSIFIED,IMPLEMENTATION_DECISION
3ba0a149-717d-585b-bb67-501ccb3654d6,76,IfcProject,地籍信息属性集,宗地质量等级,IfcLabel,,一级,INSTANCE,3ba0a149-717d-585b-bb67-501ccb3654d6,HIFC.地籍信息属性集.宗地质量等级,String,Text,,PROJECT,PROJECT_INFORMATION,OST_ProjectInformation,SHARED_PARAMETER_AND_DATASTORE,POST_EXPORT_ENRICH,MANUAL_IMPORT_OR_CONTEXT,UNCLASSIFIED,IMPLEMENTATION_DECISION
e2c13e23-2112-564d-8e17-543ba3896508,77,IfcProject,地籍信息属性集,宗地权力,IfcText,,其他,INSTANCE,e2c13e23-2112-564d-8e17-543ba3896508,HIFC.地籍信息属性集.宗地权力,String,Text,,PROJECT,PROJECT_INFORMATION,OST_ProjectInformation,SHARED_PARAMETER_AND_DATASTORE,POST_EXPORT_ENRICH,MANUAL_IMPORT_OR_CONTEXT,UNCLASSIFIED,IMPLEMENTATION_DECISION
42ddddcb-4973-5dc1-b87f-b0908f7f5fa1,78,IfcProject,地籍信息属性集,宗地权利人,IfcText,,其他,INSTANCE,42ddddcb-4973-5dc1-b87f-b0908f7f5fa1,HIFC.地籍信息属性集.宗地权利人,String,Text,,PROJECT,PROJECT_INFORMATION,OST_ProjectInformation,SHARED_PARAMETER_AND_DATASTORE,POST_EXPORT_ENRICH,MANUAL_IMPORT_OR_CONTEXT,UNCLASSIFIED,IMPLEMENTATION_DECISION
e686d8c2-710a-5068-b683-43dec25252b4,79,IfcProject,地籍信息属性集,建筑物编码,IfcText,,其他,INSTANCE,e686d8c2-710a-5068-b683-43dec25252b4,HIFC.地籍信息属性集.建筑物编码,String,Text,,PROJECT,PROJECT_INFORMATION,OST_ProjectInformation,SHARED_PARAMETER_AND_DATASTORE,POST_EXPORT_ENRICH,MANUAL_IMPORT_OR_CONTEXT,UNCLASSIFIED,IMPLEMENTATION_DECISION
22438777-1419-5970-b97d-2c3c44f7a6e5,80,IfcProject,登记信息属性集,建设性质,IfcLabel,,一级,INSTANCE,22438777-1419-5970-b97d-2c3c44f7a6e5,HIFC.登记信息属性集.建设性质,String,Text,,PROJECT,PROJECT_INFORMATION,OST_ProjectInformation,SHARED_PARAMETER_AND_DATASTORE,POST_EXPORT_ENRICH,MANUAL_IMPORT_OR_CONTEXT,UNCLASSIFIED,IMPLEMENTATION_DECISION
ca21e324-046b-5bfd-84c8-0d3470082303,81,IfcProject,登记信息属性集,总建筑面积,IfcReal,m²,2.5,INSTANCE,ca21e324-046b-5bfd-84c8-0d3470082303,HIFC.登记信息属性集.总建筑面积,Double,Area,SquareMeters,PROJECT,PROJECT_INFORMATION,OST_ProjectInformation,SHARED_PARAMETER_AND_DATASTORE,POST_EXPORT_ENRICH,MANUAL_IMPORT_OR_CONTEXT,UNCLASSIFIED,IMPLEMENTATION_DECISION
3c02cb6f-d4bc-5b3d-b44d-6c0d258b9bb2,82,IfcProject,登记信息属性集,建筑物编码,IfcText,,其他,INSTANCE,3c02cb6f-d4bc-5b3d-b44d-6c0d258b9bb2,HIFC.登记信息属性集.建筑物编码,String,Text,,PROJECT,PROJECT_INFORMATION,OST_ProjectInformation,SHARED_PARAMETER_AND_DATASTORE,POST_EXPORT_ENRICH,MANUAL_IMPORT_OR_CONTEXT,UNCLASSIFIED,IMPLEMENTATION_DECISION
b45c2d7d-690c-55c2-a23c-626ad81962fb,83,IfcProject,登记信息属性集,现状名称,IfcLabel,,一级,INSTANCE,b45c2d7d-690c-55c2-a23c-626ad81962fb,HIFC.登记信息属性集.现状名称,String,Text,,PROJECT,PROJECT_INFORMATION,OST_ProjectInformation,SHARED_PARAMETER_AND_DATASTORE,POST_EXPORT_ENRICH,MANUAL_IMPORT_OR_CONTEXT,UNCLASSIFIED,IMPLEMENTATION_DECISION
960ac606-d0c1-5a1b-9f2e-d70d3a8eb712,84,IfcProject,登记信息属性集,审批名称,IfcLabel,,一级,INSTANCE,960ac606-d0c1-5a1b-9f2e-d70d3a8eb712,HIFC.登记信息属性集.审批名称,String,Text,,PROJECT,PROJECT_INFORMATION,OST_ProjectInformation,SHARED_PARAMETER_AND_DATASTORE,POST_EXPORT_ENRICH,MANUAL_IMPORT_OR_CONTEXT,UNCLASSIFIED,IMPLEMENTATION_DECISION
21ef1d33-e8c4-51f9-8bb0-23250c872ad3,85,IfcProject,登记信息属性集,详细地址,IfcText,,其他,INSTANCE,21ef1d33-e8c4-51f9-8bb0-23250c872ad3,HIFC.登记信息属性集.详细地址,String,Text,,PROJECT,PROJECT_INFORMATION,OST_ProjectInformation,SHARED_PARAMETER_AND_DATASTORE,POST_EXPORT_ENRICH,MANUAL_IMPORT_OR_CONTEXT,UNCLASSIFIED,IMPLEMENTATION_DECISION
422ad455-a88f-5d62-8b5d-562bc1aaf5f1,86,IfcProject,登记信息属性集,不动产地址,IfcText,,其他,INSTANCE,422ad455-a88f-5d62-8b5d-562bc1aaf5f1,HIFC.登记信息属性集.不动产地址,String,Text,,PROJECT,PROJECT_INFORMATION,OST_ProjectInformation,SHARED_PARAMETER_AND_DATASTORE,POST_EXPORT_ENRICH,MANUAL_IMPORT_OR_CONTEXT,UNCLASSIFIED,IMPLEMENTATION_DECISION
da99190d-498d-5db7-b542-681c434f3ca9,87,IfcProject,登记信息属性集,建成时间,IfcDateTime,,2026-01-20T14:30:00Z,INSTANCE,da99190d-498d-5db7-b542-681c434f3ca9,HIFC.登记信息属性集.建成时间,String,Text,,PROJECT,PROJECT_INFORMATION,OST_ProjectInformation,SHARED_PARAMETER_AND_DATASTORE,POST_EXPORT_ENRICH,MANUAL_IMPORT_OR_CONTEXT,UNCLASSIFIED,IMPLEMENTATION_DECISION
e63e116d-b988-56fb-946d-e19937c1cb00,88,IfcProject,登记信息属性集,建筑状态,IfcText,,其他,INSTANCE,e63e116d-b988-56fb-946d-e19937c1cb00,HIFC.登记信息属性集.建筑状态,String,Text,,PROJECT,PROJECT_INFORMATION,OST_ProjectInformation,SHARED_PARAMETER_AND_DATASTORE,POST_EXPORT_ENRICH,MANUAL_IMPORT_OR_CONTEXT,UNCLASSIFIED,IMPLEMENTATION_DECISION
af44d874-a366-5fb5-a65b-6242ad8f452f,89,IfcProject,登记信息属性集,建设性质代码,IfcText,,其他,INSTANCE,af44d874-a366-5fb5-a65b-6242ad8f452f,HIFC.登记信息属性集.建设性质代码,String,Text,,PROJECT,PROJECT_INFORMATION,OST_ProjectInformation,SHARED_PARAMETER_AND_DATASTORE,POST_EXPORT_ENRICH,MANUAL_IMPORT_OR_CONTEXT,UNCLASSIFIED,IMPLEMENTATION_DECISION
90a26e62-372f-5ee6-ab76-5cddcdc6a585,90,IfcProject,区划信息属性集,所属省级行政区,IfcText,,其他,INSTANCE,90a26e62-372f-5ee6-ab76-5cddcdc6a585,HIFC.区划信息属性集.所属省级行政区,String,Text,,PROJECT,PROJECT_INFORMATION,OST_ProjectInformation,SHARED_PARAMETER_AND_DATASTORE,POST_EXPORT_ENRICH,MANUAL_IMPORT_OR_CONTEXT,UNCLASSIFIED,IMPLEMENTATION_DECISION
ebce5979-d12b-5ef6-aded-b5405d60239a,91,IfcProject,区划信息属性集,省级行政区代码,IfcText,,其他,INSTANCE,ebce5979-d12b-5ef6-aded-b5405d60239a,HIFC.区划信息属性集.省级行政区代码,String,Text,,PROJECT,PROJECT_INFORMATION,OST_ProjectInformation,SHARED_PARAMETER_AND_DATASTORE,POST_EXPORT_ENRICH,MANUAL_IMPORT_OR_CONTEXT,UNCLASSIFIED,IMPLEMENTATION_DECISION
af67c862-ef9f-511d-b130-ae25a71dcd56,92,IfcProject,区划信息属性集,所属地级行政区,IfcText,,其他,INSTANCE,af67c862-ef9f-511d-b130-ae25a71dcd56,HIFC.区划信息属性集.所属地级行政区,String,Text,,PROJECT,PROJECT_INFORMATION,OST_ProjectInformation,SHARED_PARAMETER_AND_DATASTORE,POST_EXPORT_ENRICH,MANUAL_IMPORT_OR_CONTEXT,UNCLASSIFIED,IMPLEMENTATION_DECISION
9f9274e8-2c65-5dc4-96ed-739d01238b5a,93,IfcProject,区划信息属性集,地级行政区代码,IfcText,,其他,INSTANCE,9f9274e8-2c65-5dc4-96ed-739d01238b5a,HIFC.区划信息属性集.地级行政区代码,String,Text,,PROJECT,PROJECT_INFORMATION,OST_ProjectInformation,SHARED_PARAMETER_AND_DATASTORE,POST_EXPORT_ENRICH,MANUAL_IMPORT_OR_CONTEXT,UNCLASSIFIED,IMPLEMENTATION_DECISION
aeed20b9-9696-5b6e-bdb0-be78184aa624,94,IfcProject,区划信息属性集,所属县级行政区,IfcText,,其他,INSTANCE,aeed20b9-9696-5b6e-bdb0-be78184aa624,HIFC.区划信息属性集.所属县级行政区,String,Text,,PROJECT,PROJECT_INFORMATION,OST_ProjectInformation,SHARED_PARAMETER_AND_DATASTORE,POST_EXPORT_ENRICH,MANUAL_IMPORT_OR_CONTEXT,UNCLASSIFIED,IMPLEMENTATION_DECISION
82b8d283-7365-532f-b7d2-4b3dd62944cd,95,IfcProject,区划信息属性集,县级行政区代码,IfcText,,其他,INSTANCE,82b8d283-7365-532f-b7d2-4b3dd62944cd,HIFC.区划信息属性集.县级行政区代码,String,Text,,PROJECT,PROJECT_INFORMATION,OST_ProjectInformation,SHARED_PARAMETER_AND_DATASTORE,POST_EXPORT_ENRICH,MANUAL_IMPORT_OR_CONTEXT,UNCLASSIFIED,IMPLEMENTATION_DECISION
e9793406-5361-5df6-a2d6-4c036b86d411,96,IfcProject,区划信息属性集,所属乡级行政区,IfcText,,其他,INSTANCE,e9793406-5361-5df6-a2d6-4c036b86d411,HIFC.区划信息属性集.所属乡级行政区,String,Text,,PROJECT,PROJECT_INFORMATION,OST_ProjectInformation,SHARED_PARAMETER_AND_DATASTORE,POST_EXPORT_ENRICH,MANUAL_IMPORT_OR_CONTEXT,UNCLASSIFIED,IMPLEMENTATION_DECISION
0e043599-3185-5783-9212-6e128bc2119a,97,IfcProject,区划信息属性集,乡级行政区代码,IfcText,,其他,INSTANCE,0e043599-3185-5783-9212-6e128bc2119a,HIFC.区划信息属性集.乡级行政区代码,String,Text,,PROJECT,PROJECT_INFORMATION,OST_ProjectInformation,SHARED_PARAMETER_AND_DATASTORE,POST_EXPORT_ENRICH,MANUAL_IMPORT_OR_CONTEXT,UNCLASSIFIED,IMPLEMENTATION_DECISION
3dfc9422-4506-58d0-b375-3630ac8e60e2,98,IfcProject,区划信息属性集,所属村（社区）,IfcText,,其他,INSTANCE,3dfc9422-4506-58d0-b375-3630ac8e60e2,HIFC.区划信息属性集.所属村（社区）,String,Text,,PROJECT,PROJECT_INFORMATION,OST_ProjectInformation,SHARED_PARAMETER_AND_DATASTORE,POST_EXPORT_ENRICH,MANUAL_IMPORT_OR_CONTEXT,UNCLASSIFIED,IMPLEMENTATION_DECISION
796ccc78-42d0-51dc-928b-4ec3379de9c5,99,IfcProject,区划信息属性集,村（社区）代码,IfcText,,其他,INSTANCE,796ccc78-42d0-51dc-928b-4ec3379de9c5,HIFC.区划信息属性集.村（社区）代码,String,Text,,PROJECT,PROJECT_INFORMATION,OST_ProjectInformation,SHARED_PARAMETER_AND_DATASTORE,POST_EXPORT_ENRICH,MANUAL_IMPORT_OR_CONTEXT,UNCLASSIFIED,IMPLEMENTATION_DECISION
3eb5d633-e567-53fe-a60f-b7982c49a396,100,IfcProject,区划信息属性集,网格编码,IfcText,,其他,INSTANCE,3eb5d633-e567-53fe-a60f-b7982c49a396,HIFC.区划信息属性集.网格编码,String,Text,,PROJECT,PROJECT_INFORMATION,OST_ProjectInformation,SHARED_PARAMETER_AND_DATASTORE,POST_EXPORT_ENRICH,MANUAL_IMPORT_OR_CONTEXT,UNCLASSIFIED,IMPLEMENTATION_DECISION
7a3fe440-fd30-52fa-9633-c9c5a4d211b8,101,IfcProject,区划信息属性集,所属小区,IfcText,,其他,INSTANCE,7a3fe440-fd30-52fa-9633-c9c5a4d211b8,HIFC.区划信息属性集.所属小区,String,Text,,PROJECT,PROJECT_INFORMATION,OST_ProjectInformation,SHARED_PARAMETER_AND_DATASTORE,POST_EXPORT_ENRICH,MANUAL_IMPORT_OR_CONTEXT,UNCLASSIFIED,IMPLEMENTATION_DECISION
73742866-4015-51ac-a863-9020cca3088f,102,IfcProject,区划信息属性集,备注,IfcText,,其他,INSTANCE,73742866-4015-51ac-a863-9020cca3088f,HIFC.区划信息属性集.备注,String,Text,,PROJECT,PROJECT_INFORMATION,OST_ProjectInformation,SHARED_PARAMETER_AND_DATASTORE,POST_EXPORT_ENRICH,MANUAL_IMPORT_OR_CONTEXT,UNCLASSIFIED,IMPLEMENTATION_DECISION
6b407894-09d4-529a-9f9f-a031219cdeaa,103,IfcProject,申报信息属性集,基点坐标X,IfcReal,m,2.5,INSTANCE,6b407894-09d4-529a-9f9f-a031219cdeaa,HIFC.申报信息属性集.基点坐标X,Double,Length,Meters,PROJECT,PROJECT_INFORMATION,OST_ProjectInformation,SHARED_PARAMETER_AND_DATASTORE,POST_EXPORT_ENRICH,READ_FROM_PROJECT_BASE_POINT,UNCLASSIFIED,IMPLEMENTATION_DECISION
1a64ef8d-e97c-5fa1-b53f-52b969b6198a,104,IfcProject,申报信息属性集,基点坐标Y,IfcReal,m,2.5,INSTANCE,1a64ef8d-e97c-5fa1-b53f-52b969b6198a,HIFC.申报信息属性集.基点坐标Y,Double,Length,Meters,PROJECT,PROJECT_INFORMATION,OST_ProjectInformation,SHARED_PARAMETER_AND_DATASTORE,POST_EXPORT_ENRICH,READ_FROM_PROJECT_BASE_POINT,UNCLASSIFIED,IMPLEMENTATION_DECISION
50164757-c346-5005-a1b8-7b423c6b8de5,105,IfcProject,申报信息属性集,基点高程,IfcReal,m,2.5,INSTANCE,50164757-c346-5005-a1b8-7b423c6b8de5,HIFC.申报信息属性集.基点高程,Double,Length,Meters,PROJECT,PROJECT_INFORMATION,OST_ProjectInformation,SHARED_PARAMETER_AND_DATASTORE,POST_EXPORT_ENRICH,READ_FROM_PROJECT_BASE_POINT,UNCLASSIFIED,IMPLEMENTATION_DECISION
2e11c6d5-e6c2-52ed-8eab-7b47c54092e7,106,IfcProject,申报信息属性集,备注,IfcText,,其他,INSTANCE,2e11c6d5-e6c2-52ed-8eab-7b47c54092e7,HIFC.申报信息属性集.备注,String,Text,,PROJECT,PROJECT_INFORMATION,OST_ProjectInformation,SHARED_PARAMETER_AND_DATASTORE,POST_EXPORT_ENRICH,MANUAL_IMPORT_OR_CONTEXT,UNCLASSIFIED,IMPLEMENTATION_DECISION
7e970f3c-876f-5873-9f00-dcec9a6f1366,107,IfcProject,申报信息属性集,项目编号,IfcLabel,,一级,INSTANCE,7e970f3c-876f-5873-9f00-dcec9a6f1366,HIFC.申报信息属性集.项目编号,String,Text,,PROJECT,PROJECT_INFORMATION,OST_ProjectInformation,SHARED_PARAMETER_AND_DATASTORE,POST_EXPORT_ENRICH,MANUAL_IMPORT_OR_CONTEXT,UNCLASSIFIED,IMPLEMENTATION_DECISION
2bc733cd-c7a1-57fa-b206-1baeb71881d4,108,IfcProject,申报信息属性集,项目名称,IfcLabel,,一级,INSTANCE,2bc733cd-c7a1-57fa-b206-1baeb71881d4,HIFC.申报信息属性集.项目名称,String,Text,,PROJECT,PROJECT_INFORMATION,OST_ProjectInformation,SHARED_PARAMETER_AND_DATASTORE,POST_EXPORT_ENRICH,MANUAL_IMPORT_OR_CONTEXT,UNCLASSIFIED,IMPLEMENTATION_DECISION
5e1b3023-55c2-5563-8b62-f23d8749c5f3,109,IfcProject,申报信息属性集,建设单位,IfcText,,其他,INSTANCE,5e1b3023-55c2-5563-8b62-f23d8749c5f3,HIFC.申报信息属性集.建设单位,String,Text,,PROJECT,PROJECT_INFORMATION,OST_ProjectInformation,SHARED_PARAMETER_AND_DATASTORE,POST_EXPORT_ENRICH,MANUAL_IMPORT_OR_CONTEXT,UNCLASSIFIED,IMPLEMENTATION_DECISION
26858ad1-f88e-5ad4-aedb-7542eb907dd2,110,IfcProject,申报信息属性集,项目地址,IfcText,,其他,INSTANCE,26858ad1-f88e-5ad4-aedb-7542eb907dd2,HIFC.申报信息属性集.项目地址,String,Text,,PROJECT,PROJECT_INFORMATION,OST_ProjectInformation,SHARED_PARAMETER_AND_DATASTORE,POST_EXPORT_ENRICH,MANUAL_IMPORT_OR_CONTEXT,UNCLASSIFIED,IMPLEMENTATION_DECISION
39f99f8a-50e8-5908-ab1d-9dbab0bcf95f,111,IfcProject,申报信息属性集,设计单位,IfcText,,其他,INSTANCE,39f99f8a-50e8-5908-ab1d-9dbab0bcf95f,HIFC.申报信息属性集.设计单位,String,Text,,PROJECT,PROJECT_INFORMATION,OST_ProjectInformation,SHARED_PARAMETER_AND_DATASTORE,POST_EXPORT_ENRICH,MANUAL_IMPORT_OR_CONTEXT,UNCLASSIFIED,IMPLEMENTATION_DECISION
dfaccc71-32f5-50a9-9a41-a611158edb29,112,IfcProject,申报信息属性集,设计人,IfcText,,其他,INSTANCE,dfaccc71-32f5-50a9-9a41-a611158edb29,HIFC.申报信息属性集.设计人,String,Text,,PROJECT,PROJECT_INFORMATION,OST_ProjectInformation,SHARED_PARAMETER_AND_DATASTORE,POST_EXPORT_ENRICH,MANUAL_IMPORT_OR_CONTEXT,UNCLASSIFIED,IMPLEMENTATION_DECISION
59d2c258-bf95-56f0-9431-873712c9e330,113,IfcProject,申报信息属性集,勘察单位,IfcText,,其他,INSTANCE,59d2c258-bf95-56f0-9431-873712c9e330,HIFC.申报信息属性集.勘察单位,String,Text,,PROJECT,PROJECT_INFORMATION,OST_ProjectInformation,SHARED_PARAMETER_AND_DATASTORE,POST_EXPORT_ENRICH,MANUAL_IMPORT_OR_CONTEXT,UNCLASSIFIED,IMPLEMENTATION_DECISION
69056d87-4196-541e-9e34-848c1ec15947,114,IfcProject,申报信息属性集,咨询单位,IfcText,,其他,INSTANCE,69056d87-4196-541e-9e34-848c1ec15947,HIFC.申报信息属性集.咨询单位,String,Text,,PROJECT,PROJECT_INFORMATION,OST_ProjectInformation,SHARED_PARAMETER_AND_DATASTORE,POST_EXPORT_ENRICH,MANUAL_IMPORT_OR_CONTEXT,UNCLASSIFIED,IMPLEMENTATION_DECISION
620fcfe3-2c21-5fd4-8d6d-f0ed878c5a78,115,IfcProject,申报信息属性集,施工单位,IfcText,,其他,INSTANCE,620fcfe3-2c21-5fd4-8d6d-f0ed878c5a78,HIFC.申报信息属性集.施工单位,String,Text,,PROJECT,PROJECT_INFORMATION,OST_ProjectInformation,SHARED_PARAMETER_AND_DATASTORE,POST_EXPORT_ENRICH,MANUAL_IMPORT_OR_CONTEXT,UNCLASSIFIED,IMPLEMENTATION_DECISION
1e44a14b-e063-55c5-9294-fce4eb5f62ca,116,IfcProject,申报信息属性集,监理单位,IfcText,,其他,INSTANCE,1e44a14b-e063-55c5-9294-fce4eb5f62ca,HIFC.申报信息属性集.监理单位,String,Text,,PROJECT,PROJECT_INFORMATION,OST_ProjectInformation,SHARED_PARAMETER_AND_DATASTORE,POST_EXPORT_ENRICH,MANUAL_IMPORT_OR_CONTEXT,UNCLASSIFIED,IMPLEMENTATION_DECISION
b7559143-785b-5c93-bcc6-6934c5c20dba,117,IfcProject,申报信息属性集,图审单位,IfcText,,其他,INSTANCE,b7559143-785b-5c93-bcc6-6934c5c20dba,HIFC.申报信息属性集.图审单位,String,Text,,PROJECT,PROJECT_INFORMATION,OST_ProjectInformation,SHARED_PARAMETER_AND_DATASTORE,POST_EXPORT_ENRICH,MANUAL_IMPORT_OR_CONTEXT,UNCLASSIFIED,IMPLEMENTATION_DECISION
38a62192-ecac-5e2d-9fc0-3b8d40afd27b,118,IfcProject,申报信息属性集,坐标系名称,IfcLabel,,一级,INSTANCE,38a62192-ecac-5e2d-9fc0-3b8d40afd27b,HIFC.申报信息属性集.坐标系名称,String,Text,,PROJECT,PROJECT_INFORMATION,OST_ProjectInformation,SHARED_PARAMETER_AND_DATASTORE,POST_EXPORT_ENRICH,MANUAL_IMPORT_OR_CONTEXT,UNCLASSIFIED,IMPLEMENTATION_DECISION
3a7d90c2-9ccb-5d74-b13c-30c892693048,119,IfcProject,申报信息属性集,高程系名称,IfcLabel,,一级,INSTANCE,3a7d90c2-9ccb-5d74-b13c-30c892693048,HIFC.申报信息属性集.高程系名称,String,Text,,PROJECT,PROJECT_INFORMATION,OST_ProjectInformation,SHARED_PARAMETER_AND_DATASTORE,POST_EXPORT_ENRICH,MANUAL_IMPORT_OR_CONTEXT,UNCLASSIFIED,IMPLEMENTATION_DECISION
bc08027b-56bf-5c99-b9e7-9ba2f2a0e2d4,120,IfcProject,申报信息属性集,经度,IfcReal,度,2.5,INSTANCE,bc08027b-56bf-5c99-b9e7-9ba2f2a0e2d4,HIFC.申报信息属性集.经度,Double,Angle,Degrees,PROJECT,PROJECT_INFORMATION,OST_ProjectInformation,SHARED_PARAMETER_AND_DATASTORE,POST_EXPORT_ENRICH,READ_FROM_SITE_LOCATION,UNCLASSIFIED,IMPLEMENTATION_DECISION
e951b3e2-8e17-5443-9b6b-570d07067856,121,IfcProject,申报信息属性集,纬度,IfcReal,度,2.5,INSTANCE,e951b3e2-8e17-5443-9b6b-570d07067856,HIFC.申报信息属性集.纬度,Double,Angle,Degrees,PROJECT,PROJECT_INFORMATION,OST_ProjectInformation,SHARED_PARAMETER_AND_DATASTORE,POST_EXPORT_ENRICH,READ_FROM_SITE_LOCATION,UNCLASSIFIED,IMPLEMENTATION_DECISION
f9082ba0-18db-5088-a869-ff6c5508c1e0,122,IfcSite,场地信息属性集,长度,IfcReal,m,2.5,INSTANCE,f9082ba0-18db-5088-a869-ff6c5508c1e0,HIFC.场地信息属性集.长度,Double,Length,Meters,SITE,PROJECT_LOCATION_AND_DATASTORE,OST_ProjectInformation,SHARED_PARAMETER_AND_DATASTORE,POST_EXPORT_ENRICH,MANUAL_IMPORT_OR_CONTEXT,UNCLASSIFIED,IMPLEMENTATION_DECISION
a22bdc72-1d8d-5bfd-a37f-7d1819e1026a,123,IfcSite,场地信息属性集,宽度,IfcReal,m,2.5,INSTANCE,a22bdc72-1d8d-5bfd-a37f-7d1819e1026a,HIFC.场地信息属性集.宽度,Double,Length,Meters,SITE,PROJECT_LOCATION_AND_DATASTORE,OST_ProjectInformation,SHARED_PARAMETER_AND_DATASTORE,POST_EXPORT_ENRICH,MANUAL_IMPORT_OR_CONTEXT,UNCLASSIFIED,IMPLEMENTATION_DECISION
62b4f19b-abd7-5c69-bd4f-c835086ab860,124,IfcSite,场地信息属性集,总用地面积,IfcReal,m²,2.5,INSTANCE,62b4f19b-abd7-5c69-bd4f-c835086ab860,HIFC.场地信息属性集.总用地面积,Double,Area,SquareMeters,SITE,PROJECT_LOCATION_AND_DATASTORE,OST_ProjectInformation,SHARED_PARAMETER_AND_DATASTORE,POST_EXPORT_ENRICH,CALCULATED_OR_IMPORTED_FROM_SITE_BOUNDARY,UNCLASSIFIED,IMPLEMENTATION_DECISION
dc2f4635-80f9-59fb-839e-83930134a202,125,IfcSite,场地信息属性集,可建设用地面积,IfcReal,m²,2.5,INSTANCE,dc2f4635-80f9-59fb-839e-83930134a202,HIFC.场地信息属性集.可建设用地面积,Double,Area,SquareMeters,SITE,PROJECT_LOCATION_AND_DATASTORE,OST_ProjectInformation,SHARED_PARAMETER_AND_DATASTORE,POST_EXPORT_ENRICH,CALCULATED_OR_IMPORTED_FROM_BUILDABLE_BOUNDARY,UNCLASSIFIED,IMPLEMENTATION_DECISION
93e51676-237e-56a8-8f28-2da845422e2e,126,IfcSite,场地信息属性集,建筑密度,IfcReal,,2.5,INSTANCE,93e51676-237e-56a8-8f28-2da845422e2e,HIFC.场地信息属性集.建筑密度,Double,Number,,SITE,PROJECT_LOCATION_AND_DATASTORE,OST_ProjectInformation,SHARED_PARAMETER_AND_DATASTORE,POST_EXPORT_ENRICH,CALCULATED_RATIO,UNCLASSIFIED,IMPLEMENTATION_DECISION
13b91bbc-ecf2-55eb-82f6-55934e9016f8,127,IfcSite,场地信息属性集,建筑比例,IfcReal,,2.5,INSTANCE,13b91bbc-ecf2-55eb-82f6-55934e9016f8,HIFC.场地信息属性集.建筑比例,Double,Number,,SITE,PROJECT_LOCATION_AND_DATASTORE,OST_ProjectInformation,SHARED_PARAMETER_AND_DATASTORE,POST_EXPORT_ENRICH,MANUAL_IMPORT_OR_CONTEXT,UNCLASSIFIED,IMPLEMENTATION_DECISION
eb809ddd-5dce-5392-982b-27db93436eb5,128,IfcSite,场地信息属性集,混合用地比例,IfcReal,,2.5,INSTANCE,eb809ddd-5dce-5392-982b-27db93436eb5,HIFC.场地信息属性集.混合用地比例,Double,Number,,SITE,PROJECT_LOCATION_AND_DATASTORE,OST_ProjectInformation,SHARED_PARAMETER_AND_DATASTORE,POST_EXPORT_ENRICH,MANUAL_IMPORT_OR_CONTEXT,UNCLASSIFIED,IMPLEMENTATION_DECISION
201a00ac-3672-5ded-83d2-ed96f81bfabf,129,IfcSite,场地信息属性集,容积率,IfcReal,,2.5,INSTANCE,201a00ac-3672-5ded-83d2-ed96f81bfabf,HIFC.场地信息属性集.容积率,Double,Number,,SITE,PROJECT_LOCATION_AND_DATASTORE,OST_ProjectInformation,SHARED_PARAMETER_AND_DATASTORE,POST_EXPORT_ENRICH,CALCULATED_RATIO,UNCLASSIFIED,IMPLEMENTATION_DECISION
f630ad47-b006-5127-badd-b1660cf996c3,130,IfcSite,场地信息属性集,绿地率,IfcReal,,2.5,INSTANCE,f630ad47-b006-5127-badd-b1660cf996c3,HIFC.场地信息属性集.绿地率,Double,Number,,SITE,PROJECT_LOCATION_AND_DATASTORE,OST_ProjectInformation,SHARED_PARAMETER_AND_DATASTORE,POST_EXPORT_ENRICH,CALCULATED_RATIO,UNCLASSIFIED,IMPLEMENTATION_DECISION
99acd0fb-b90d-5251-8274-dcab2ceab18b,131,IfcSite,场地信息属性集,地块编号,IfcLabel,,一级,INSTANCE,99acd0fb-b90d-5251-8274-dcab2ceab18b,HIFC.场地信息属性集.地块编号,String,Text,,SITE,PROJECT_LOCATION_AND_DATASTORE,OST_ProjectInformation,SHARED_PARAMETER_AND_DATASTORE,POST_EXPORT_ENRICH,MANUAL_IMPORT_OR_CONTEXT,UNCLASSIFIED,IMPLEMENTATION_DECISION
951c219f-f6c3-5728-97ff-0e42503982e3,132,IfcSite,场地信息属性集,城市用地分类和使用,IfcText,,其他,INSTANCE,951c219f-f6c3-5728-97ff-0e42503982e3,HIFC.场地信息属性集.城市用地分类和使用,String,Text,,SITE,PROJECT_LOCATION_AND_DATASTORE,OST_ProjectInformation,SHARED_PARAMETER_AND_DATASTORE,POST_EXPORT_ENRICH,MANUAL_IMPORT_OR_CONTEXT,UNCLASSIFIED,IMPLEMENTATION_DECISION
d2a48388-b781-5c8a-9244-f1adc5a79e45,133,IfcSpace,建筑空间信息属性集,空间形成方式,IfcLabel,,一级,INSTANCE,d2a48388-b781-5c8a-9244-f1adc5a79e45,HIFC.建筑空间信息属性集.空间形成方式,String,Text,,SPACE,ROOM,OST_Rooms,SHARED_PARAMETER_AND_DATASTORE,NATIVE_ENTITY_PLUS_ENRICH,MANUAL_OR_MODEL_DERIVED,UNCLASSIFIED,IMPLEMENTATION_DECISION
98aaa7d3-2140-5376-abde-cad36b29d9ed,134,IfcSpace,建筑空间信息属性集,高度,IfcReal,mm,2.5,INSTANCE,98aaa7d3-2140-5376-abde-cad36b29d9ed,HIFC.建筑空间信息属性集.高度,Double,Length,Millimeters,SPACE,ROOM,OST_Rooms,SHARED_PARAMETER_AND_DATASTORE,NATIVE_ENTITY_PLUS_ENRICH,CALCULATED_FROM_ROOM_LIMITS,UNCLASSIFIED,IMPLEMENTATION_DECISION
4fd3bcbd-d320-5949-86c0-e1b2c6c79515,135,IfcSpace,建筑空间信息属性集,净面积,IfcReal,m²,2.5,INSTANCE,4fd3bcbd-d320-5949-86c0-e1b2c6c79515,HIFC.建筑空间信息属性集.净面积,Double,Area,SquareMeters,SPACE,ROOM,OST_Rooms,SHARED_PARAMETER_AND_DATASTORE,NATIVE_ENTITY_PLUS_ENRICH,READ_FROM_ROOM_AREA,UNCLASSIFIED,IMPLEMENTATION_DECISION
b6c39636-ffc5-5bc9-8a3c-3b0ada970321,136,IfcSpace,建筑空间信息属性集,总建筑面积,IfcReal,m²,2.5,INSTANCE,b6c39636-ffc5-5bc9-8a3c-3b0ada970321,HIFC.建筑空间信息属性集.总建筑面积,Double,Area,SquareMeters,SPACE,ROOM,OST_Rooms,SHARED_PARAMETER_AND_DATASTORE,NATIVE_ENTITY_PLUS_ENRICH,CALCULATED_FROM_SPACE_BOUNDARY,UNCLASSIFIED,IMPLEMENTATION_DECISION
eb7e896f-f4a2-5e04-aba2-1103f0d8f2fa,137,IfcSpace,建筑空间信息属性集,空间使用特征,IfcLabel,,一级,INSTANCE,eb7e896f-f4a2-5e04-aba2-1103f0d8f2fa,HIFC.建筑空间信息属性集.空间使用特征,String,Text,,SPACE,ROOM,OST_Rooms,SHARED_PARAMETER_AND_DATASTORE,NATIVE_ENTITY_PLUS_ENRICH,MANUAL_OR_MODEL_DERIVED,UNCLASSIFIED,IMPLEMENTATION_DECISION
05a9d8a0-b339-5c55-a513-91b063345850,138,IfcSpace,停车位信息属性集,是否为室外停车场,IfcBoolean,,是,INSTANCE,05a9d8a0-b339-5c55-a513-91b063345850,HIFC.停车位信息属性集.是否为室外停车场,Integer,YesNo,,SPACE,ROOM,OST_Rooms,SHARED_PARAMETER_AND_DATASTORE,NATIVE_ENTITY_PLUS_ENRICH,MANUAL_OR_MODEL_DERIVED,UNCLASSIFIED,IMPLEMENTATION_DECISION
b0f93329-020f-589c-bd5b-92cc50d90c13,139,IfcSpace,停车位信息属性集,停车位类别,IfcLabel,,一级,INSTANCE,b0f93329-020f-589c-bd5b-92cc50d90c13,HIFC.停车位信息属性集.停车位类别,String,Text,,SPACE,ROOM,OST_Rooms,SHARED_PARAMETER_AND_DATASTORE,NATIVE_ENTITY_PLUS_ENRICH,MANUAL_OR_MODEL_DERIVED,UNCLASSIFIED,IMPLEMENTATION_DECISION
775004b3-dcda-5dd9-b976-5707b129f5e7,140,IfcSpace,停车位信息属性集,停车位位置信息,IfcText,,其他,INSTANCE,775004b3-dcda-5dd9-b976-5707b129f5e7,HIFC.停车位信息属性集.停车位位置信息,String,Text,,SPACE,ROOM,OST_Rooms,SHARED_PARAMETER_AND_DATASTORE,NATIVE_ENTITY_PLUS_ENRICH,MANUAL_OR_MODEL_DERIVED,UNCLASSIFIED,IMPLEMENTATION_DECISION
4eaec192-453e-5465-9955-8a2fd54c24b1,141,IfcSpace,停车位信息属性集,备注,IfcText,,其他,INSTANCE,4eaec192-453e-5465-9955-8a2fd54c24b1,HIFC.停车位信息属性集.备注,String,Text,,SPACE,ROOM,OST_Rooms,SHARED_PARAMETER_AND_DATASTORE,NATIVE_ENTITY_PLUS_ENRICH,MANUAL_OR_MODEL_DERIVED,UNCLASSIFIED,IMPLEMENTATION_DECISION
a3cfcd77-9d58-5991-994e-df5bd4ca7347,142,IfcSpace,居住建筑空间信息属性集,人数,IfcInteger,个,5,INSTANCE,a3cfcd77-9d58-5991-994e-df5bd4ca7347,HIFC.居住建筑空间信息属性集.人数,Integer,Integer,,SPACE,ROOM,OST_Rooms,SHARED_PARAMETER_AND_DATASTORE,NATIVE_ENTITY_PLUS_ENRICH,MANUAL_OR_MODEL_DERIVED,UNCLASSIFIED,IMPLEMENTATION_DECISION
d9ae268e-8d11-59e7-bbff-dc7521ec7889,143,IfcSpatialZone,建筑区域信息属性集,主功能类别,IfcLabel,,一级,INSTANCE,d9ae268e-8d11-59e7-bbff-dc7521ec7889,HIFC.建筑区域信息属性集.主功能类别,String,Text,,SPATIAL_ZONE,AREA_OR_CANONICAL_DATASTORE,OST_Areas,HYBRID_AREA_AND_DATASTORE,POST_EXPORT_CREATE_OR_ENRICH,MANUAL_OR_MODEL_DERIVED,UNCLASSIFIED,IMPLEMENTATION_DECISION
3946f931-0bb6-56c0-b5ca-ee77c3221ccf,144,IfcSpatialZone,建筑区域信息属性集,子功能类别,IfcLabel,,一级,INSTANCE,3946f931-0bb6-56c0-b5ca-ee77c3221ccf,HIFC.建筑区域信息属性集.子功能类别,String,Text,,SPATIAL_ZONE,AREA_OR_CANONICAL_DATASTORE,OST_Areas,HYBRID_AREA_AND_DATASTORE,POST_EXPORT_CREATE_OR_ENRICH,MANUAL_OR_MODEL_DERIVED,UNCLASSIFIED,IMPLEMENTATION_DECISION
5e479cf6-397b-5f2f-86e8-73853351e2d9,145,IfcSpatialZone,建筑区域信息属性集,区域类别,IfcLabel,,一级,INSTANCE,5e479cf6-397b-5f2f-86e8-73853351e2d9,HIFC.建筑区域信息属性集.区域类别,String,Text,,SPATIAL_ZONE,AREA_OR_CANONICAL_DATASTORE,OST_Areas,HYBRID_AREA_AND_DATASTORE,POST_EXPORT_CREATE_OR_ENRICH,MANUAL_OR_MODEL_DERIVED,UNCLASSIFIED,IMPLEMENTATION_DECISION
1c9ad233-a3e3-5424-bb70-e3308b7f6817,146,IfcSpatialZone,建筑区域信息属性集,区域标记,IfcLabel,,一级,INSTANCE,1c9ad233-a3e3-5424-bb70-e3308b7f6817,HIFC.建筑区域信息属性集.区域标记,String,Text,,SPATIAL_ZONE,AREA_OR_CANONICAL_DATASTORE,OST_Areas,HYBRID_AREA_AND_DATASTORE,POST_EXPORT_CREATE_OR_ENRICH,MANUAL_OR_MODEL_DERIVED,UNCLASSIFIED,IMPLEMENTATION_DECISION
1e3385f9-6300-5d8e-b8f2-84eeb245f5a3,147,IfcSpatialZone,建筑区域信息属性集,计容系数,IfcReal,,2.5,INSTANCE,1e3385f9-6300-5d8e-b8f2-84eeb245f5a3,HIFC.建筑区域信息属性集.计容系数,Double,Number,,SPATIAL_ZONE,AREA_OR_CANONICAL_DATASTORE,OST_Areas,HYBRID_AREA_AND_DATASTORE,POST_EXPORT_CREATE_OR_ENRICH,MANUAL_OR_MODEL_DERIVED,UNCLASSIFIED,IMPLEMENTATION_DECISION
bbc361b1-c64a-5c4d-ba93-3274fbb54e10,148,IfcSpatialZone,建筑区域信息属性集,计算系数,IfcReal,,2.5,INSTANCE,bbc361b1-c64a-5c4d-ba93-3274fbb54e10,HIFC.建筑区域信息属性集.计算系数,Double,Number,,SPATIAL_ZONE,AREA_OR_CANONICAL_DATASTORE,OST_Areas,HYBRID_AREA_AND_DATASTORE,POST_EXPORT_CREATE_OR_ENRICH,MANUAL_OR_MODEL_DERIVED,UNCLASSIFIED,IMPLEMENTATION_DECISION
96a6110a-e942-5b0e-84d6-250a3c3731d7,149,IfcSpatialZone,建筑区域信息属性集,结构净高,IfcReal,mm,2.5,INSTANCE,96a6110a-e942-5b0e-84d6-250a3c3731d7,HIFC.建筑区域信息属性集.结构净高,Double,Length,Millimeters,SPATIAL_ZONE,AREA_OR_CANONICAL_DATASTORE,OST_Areas,HYBRID_AREA_AND_DATASTORE,POST_EXPORT_CREATE_OR_ENRICH,MANUAL_OR_MODEL_DERIVED,UNCLASSIFIED,IMPLEMENTATION_DECISION
e785c854-7db2-535a-a248-f4a9b3f6d1a5,150,IfcSpatialZone,建筑区域信息属性集,建筑净高,IfcReal,mm,2.5,INSTANCE,e785c854-7db2-535a-a248-f4a9b3f6d1a5,HIFC.建筑区域信息属性集.建筑净高,Double,Length,Millimeters,SPATIAL_ZONE,AREA_OR_CANONICAL_DATASTORE,OST_Areas,HYBRID_AREA_AND_DATASTORE,POST_EXPORT_CREATE_OR_ENRICH,MANUAL_OR_MODEL_DERIVED,UNCLASSIFIED,IMPLEMENTATION_DECISION
8d205332-db56-5000-b454-79e798c90862,151,IfcSpatialZone,建筑区域信息属性集,结构层高,IfcReal,mm,2.5,INSTANCE,8d205332-db56-5000-b454-79e798c90862,HIFC.建筑区域信息属性集.结构层高,Double,Length,Millimeters,SPATIAL_ZONE,AREA_OR_CANONICAL_DATASTORE,OST_Areas,HYBRID_AREA_AND_DATASTORE,POST_EXPORT_CREATE_OR_ENRICH,MANUAL_OR_MODEL_DERIVED,UNCLASSIFIED,IMPLEMENTATION_DECISION
b231bc10-78ba-530c-8606-078c564bd93c,152,IfcSpatialZone,建筑区域信息属性集,计算标高,IfcReal,mm,2.5,INSTANCE,b231bc10-78ba-530c-8606-078c564bd93c,HIFC.建筑区域信息属性集.计算标高,Double,Length,Millimeters,SPATIAL_ZONE,AREA_OR_CANONICAL_DATASTORE,OST_Areas,HYBRID_AREA_AND_DATASTORE,POST_EXPORT_CREATE_OR_ENRICH,MANUAL_OR_MODEL_DERIVED,UNCLASSIFIED,IMPLEMENTATION_DECISION
e45da1fa-445e-5ca5-bf16-d09a759a38ea,153,IfcSpatialZone,建筑区域信息属性集,计算标高（埋深）,IfcReal,mm,2.5,INSTANCE,e45da1fa-445e-5ca5-bf16-d09a759a38ea,HIFC.建筑区域信息属性集.计算标高（埋深）,Double,Length,Millimeters,SPATIAL_ZONE,AREA_OR_CANONICAL_DATASTORE,OST_Areas,HYBRID_AREA_AND_DATASTORE,POST_EXPORT_CREATE_OR_ENRICH,MANUAL_OR_MODEL_DERIVED,UNCLASSIFIED,IMPLEMENTATION_DECISION
d0afc77a-72ac-53ea-9cf0-8a694dd054ec,154,IfcSpatialZone,建筑区域信息属性集,面积,IfcReal,m²,2.5,INSTANCE,d0afc77a-72ac-53ea-9cf0-8a694dd054ec,HIFC.建筑区域信息属性集.面积,Double,Area,SquareMeters,SPATIAL_ZONE,AREA_OR_CANONICAL_DATASTORE,OST_Areas,HYBRID_AREA_AND_DATASTORE,POST_EXPORT_CREATE_OR_ENRICH,CALCULATED_FROM_ZONE_MEMBERS,UNCLASSIFIED,IMPLEMENTATION_DECISION
781b8594-95bc-5ba6-8d14-20d12014b671,155,IfcSpatialZone,建筑区域信息属性集,建筑面积,IfcReal,m²,2.5,INSTANCE,781b8594-95bc-5ba6-8d14-20d12014b671,HIFC.建筑区域信息属性集.建筑面积,Double,Area,SquareMeters,SPATIAL_ZONE,AREA_OR_CANONICAL_DATASTORE,OST_Areas,HYBRID_AREA_AND_DATASTORE,POST_EXPORT_CREATE_OR_ENRICH,CALCULATED_FROM_ZONE_MEMBERS,UNCLASSIFIED,IMPLEMENTATION_DECISION
b64ef278-8f25-542b-813f-7c9be6e0b248,156,IfcSpatialZone,建筑区域信息属性集,楼层数量,IfcInteger,层,5,INSTANCE,b64ef278-8f25-542b-813f-7c9be6e0b248,HIFC.建筑区域信息属性集.楼层数量,Integer,Integer,,SPATIAL_ZONE,AREA_OR_CANONICAL_DATASTORE,OST_Areas,HYBRID_AREA_AND_DATASTORE,POST_EXPORT_CREATE_OR_ENRICH,CALCULATED_FROM_ZONE_MEMBERS,UNCLASSIFIED,IMPLEMENTATION_DECISION
9833b38e-0aa5-5ab2-b3b4-e6984f5c70f6,157,IfcSpatialZone,建筑区域信息属性集,是否为疏散分区,IfcBoolean,,是,INSTANCE,9833b38e-0aa5-5ab2-b3b4-e6984f5c70f6,HIFC.建筑区域信息属性集.是否为疏散分区,Integer,YesNo,,SPATIAL_ZONE,AREA_OR_CANONICAL_DATASTORE,OST_Areas,HYBRID_AREA_AND_DATASTORE,POST_EXPORT_CREATE_OR_ENRICH,MANUAL_OR_MODEL_DERIVED,UNCLASSIFIED,IMPLEMENTATION_DECISION
87b285c2-887d-55d2-81a4-15714b521537,158,IfcSpatialZone,建筑区域信息属性集,区域人数,IfcInteger,个,5,INSTANCE,87b285c2-887d-55d2-81a4-15714b521537,HIFC.建筑区域信息属性集.区域人数,Integer,Integer,,SPATIAL_ZONE,AREA_OR_CANONICAL_DATASTORE,OST_Areas,HYBRID_AREA_AND_DATASTORE,POST_EXPORT_CREATE_OR_ENRICH,MANUAL_OR_MODEL_DERIVED,UNCLASSIFIED,IMPLEMENTATION_DECISION
6c0a892f-8261-5ef4-ab95-76bc40264205,159,IfcSpatialZone,建筑区域信息属性集,区域长度,IfcReal,mm,2.5,INSTANCE,6c0a892f-8261-5ef4-ab95-76bc40264205,HIFC.建筑区域信息属性集.区域长度,Double,Length,Millimeters,SPATIAL_ZONE,AREA_OR_CANONICAL_DATASTORE,OST_Areas,HYBRID_AREA_AND_DATASTORE,POST_EXPORT_CREATE_OR_ENRICH,CALCULATED_FROM_ZONE_BOUNDARY,UNCLASSIFIED,IMPLEMENTATION_DECISION
22ae04c3-aacc-5b35-b7e9-27a4b5f5dbab,160,IfcSpatialZone,建筑区域信息属性集,区域宽度,IfcReal,mm,2.5,INSTANCE,22ae04c3-aacc-5b35-b7e9-27a4b5f5dbab,HIFC.建筑区域信息属性集.区域宽度,Double,Length,Millimeters,SPATIAL_ZONE,AREA_OR_CANONICAL_DATASTORE,OST_Areas,HYBRID_AREA_AND_DATASTORE,POST_EXPORT_CREATE_OR_ENRICH,CALCULATED_FROM_ZONE_BOUNDARY,UNCLASSIFIED,IMPLEMENTATION_DECISION
11035c44-05a7-55f2-9681-dca574a974aa,161,IfcSpatialZone,建筑区域信息属性集,轮廓线,IfcText,,其他,INSTANCE,11035c44-05a7-55f2-9681-dca574a974aa,HIFC.建筑区域信息属性集.轮廓线,String,Text,,SPATIAL_ZONE,AREA_OR_CANONICAL_DATASTORE,OST_Areas,HYBRID_AREA_AND_DATASTORE,POST_EXPORT_CREATE_OR_ENRICH,MANUAL_OR_MODEL_DERIVED,UNCLASSIFIED,IMPLEMENTATION_DECISION
68f998c7-0c0a-5ebe-bf51-c1b1536f7fbc,162,IfcSpatialZone,建筑区域信息属性集,疏散区域,IfcText,,其他,INSTANCE,68f998c7-0c0a-5ebe-bf51-c1b1536f7fbc,HIFC.建筑区域信息属性集.疏散区域,String,Text,,SPATIAL_ZONE,AREA_OR_CANONICAL_DATASTORE,OST_Areas,HYBRID_AREA_AND_DATASTORE,POST_EXPORT_CREATE_OR_ENRICH,MANUAL_OR_MODEL_DERIVED,UNCLASSIFIED,IMPLEMENTATION_DECISION
8769f8aa-095d-5749-9ecc-71dff6cb1c45,163,IfcSpatialZone,建筑区域信息属性集,区域位置,IfcText,,其他,INSTANCE,8769f8aa-095d-5749-9ecc-71dff6cb1c45,HIFC.建筑区域信息属性集.区域位置,String,Text,,SPATIAL_ZONE,AREA_OR_CANONICAL_DATASTORE,OST_Areas,HYBRID_AREA_AND_DATASTORE,POST_EXPORT_CREATE_OR_ENRICH,MANUAL_OR_MODEL_DERIVED,UNCLASSIFIED,IMPLEMENTATION_DECISION
c62cfd5f-2a50-5230-9c5d-4037c39061bf,164,IfcSpatialZone,停车场信息属性集,机动车位数量,IfcInteger,个,5,INSTANCE,c62cfd5f-2a50-5230-9c5d-4037c39061bf,HIFC.停车场信息属性集.机动车位数量,Integer,Integer,,SPATIAL_ZONE,AREA_OR_CANONICAL_DATASTORE,OST_Areas,HYBRID_AREA_AND_DATASTORE,POST_EXPORT_CREATE_OR_ENRICH,MANUAL_OR_MODEL_DERIVED,UNCLASSIFIED,IMPLEMENTATION_DECISION
84df74c2-a7e5-5a98-a5e0-4458e49a3973,165,IfcSpatialZone,停车场信息属性集,非机动车位数量,IfcInteger,个,5,INSTANCE,84df74c2-a7e5-5a98-a5e0-4458e49a3973,HIFC.停车场信息属性集.非机动车位数量,Integer,Integer,,SPATIAL_ZONE,AREA_OR_CANONICAL_DATASTORE,OST_Areas,HYBRID_AREA_AND_DATASTORE,POST_EXPORT_CREATE_OR_ENRICH,MANUAL_OR_MODEL_DERIVED,UNCLASSIFIED,IMPLEMENTATION_DECISION
c95d3ff7-ddb7-54ef-9b1f-7f64cb7a7b21,166,IfcSpatialZone,停车场信息属性集,无障碍车位数量,IfcInteger,个,5,INSTANCE,c95d3ff7-ddb7-54ef-9b1f-7f64cb7a7b21,HIFC.停车场信息属性集.无障碍车位数量,Integer,Integer,,SPATIAL_ZONE,AREA_OR_CANONICAL_DATASTORE,OST_Areas,HYBRID_AREA_AND_DATASTORE,POST_EXPORT_CREATE_OR_ENRICH,MANUAL_OR_MODEL_DERIVED,UNCLASSIFIED,IMPLEMENTATION_DECISION
